{"emotion": {"angry": 0.0018649460980668664, "disgust": 3.534703996513344e-13, "fear": 0.008164238184690475, "happy": 1.6792317048593824e-13, "sad": 99.24895477294922, "surprise": 5.666218189093186e-11, "neutral": 0.7410176396369934}, "dominant_emotion": "sad", "region": {"x": 0, "y": 0, "w": 606, "h": 1079, "left_eye": null, "right_eye": null}, "face_confidence": 0, "truth": "1"}